[
  {
    "id": 10342,
    "filename": "beach.jpg",
    "title": "Sunny Beach",
    "date": "2025-08-01T23:45:00",
    "description": "Relaxing day by the sea with golden sands.",
    "resolution": "1920x1080",
    "albums": [
      201,
      205
    ],
    "tags": [
      "beach",
      "summer",
      "ocean"
    ]
  },
  {
    "id": 54781,
    "filename": "mountain.png",
    "title": "Snowy Peak",
    "date": "2024-12-15T08:30:00",
    "description": "A high mountain covered in snow.",
    "resolution": "2560x1440",
    "albums": [
      202
    ],
    "tags": [
      "mountain",
      "snow",
      "winter"
    ]
  },
  {
    "id": 83927,
    "filename": "forest.jpg",
    "title": "Misty Forest",
    "date": "2023-11-21T06:10:00",
    "description": "Fog rolling through the dense forest.",
    "resolution": "1600x1200",
    "albums": [
      203,
      206
    ],
    "tags": [
      "forest",
      "mist",
      "trees"
    ]
  },
  {
    "id": 29475,
    "filename": "city.jpg",
    "title": "City Skyline",
    "date": "2025-01-05T19:45:00",
    "description": "Skyline of a city at dusk with colorful lights.",
    "resolution": "3840x2160",
    "albums": [
      204
    ],
    "tags": [
      "city",
      "night",
      "skyline"
    ]
  },
  {
    "id": 76291,
    "filename": "desert.jpg",
    "title": "Golden Dunes",
    "date": "2022-07-13T14:00:00",
    "description": "Sand dunes stretching across the horizon.",
    "resolution": "1920x1080",
    "albums": [
      207
    ],
    "tags": [
      "desert",
      "sand",
      "sun"
    ]
  },
  {
    "id": 15483,
    "filename": "lake.png",
    "title": "Calm Waters",
    "date": "2023-05-19T09:20:00",
    "description": "A peaceful lake surrounded by mountains.",
    "resolution": "1280x720",
    "albums": [
      202,
      205
    ],
    "tags": [
      "lake",
      "reflection",
      "nature"
    ]
  },
  {
    "id": 94712,
    "filename": "bridge.jpg",
    "title": "Old Bridge",
    "date": "2024-03-12T16:50:00",
    "description": "A rustic stone bridge over a small river.",
    "resolution": "2048x1365",
    "albums": [
      208
    ],
    "tags": [
      "bridge",
      "river",
      "historic"
    ]
  },
  {
    "id": 67124,
    "filename": "garden.jpg",
    "title": "Blooming Garden",
    "date": "2025-04-08T11:30:00",
    "description": "A colorful flower garden in full bloom.",
    "resolution": "1920x1080",
    "albums": [
      203
    ],
    "tags": [
      "garden",
      "flowers",
      "spring"
    ]
  },
  {
    "id": 43562,
    "filename": "cat.jpg",
    "title": "Playful Cat",
    "date": "2023-09-17T17:15:00",
    "description": "A curious cat playing in the grass.",
    "resolution": "1024x768",
    "albums": [
      209
    ],
    "tags": [
      "cat",
      "pet",
      "animal"
    ]
  },
  {
    "id": 82391,
    "filename": "dog.png",
    "title": "Happy Dog",
    "date": "2022-10-29T12:05:00",
    "description": "A dog running happily in the park.",
    "resolution": "1280x720",
    "albums": [
      209
    ],
    "tags": [
      "dog",
      "park",
      "pet"
    ]
  },
  {
    "id": 25498,
    "filename": "waterfall.jpg",
    "title": "Majestic Falls",
    "date": "2025-02-18T15:25:00",
    "description": "Waterfall cascading down into a rocky pool.",
    "resolution": "2560x1600",
    "albums": [
      202,
      210
    ],
    "tags": [
      "waterfall",
      "river",
      "nature"
    ]
  },
  {
    "id": 99813,
    "filename": "island.jpg",
    "title": "island.jpg",
    "date": "2023-06-09T10:45:00",
    "description": "A small island surrounded by turquoise waters.",
    "resolution": "1920x1080",
    "albums": [
      201
    ],
    "tags": [
      "island",
      "sea",
      "travel"
    ]
  },
  {
    "id": 34567,
    "filename": "road.jpg",
    "title": "Endless Road",
    "date": "2024-09-27T13:40:00",
    "description": "A straight road stretching into the horizon.",
    "resolution": "1920x1080",
    "albums": [
      204
    ],
    "tags": [
      "road",
      "travel",
      "landscape"
    ]
  },
  {
    "id": 57283,
    "filename": "castle.png",
    "title": "Ancient Castle",
    "date": "2025-03-22T18:55:00",
    "description": "A medieval castle atop a green hill.",
    "resolution": "2048x1536",
    "albums": [
      208
    ],
    "tags": [
      "castle",
      "historic",
      "architecture"
    ]
  },
  {
    "id": 61342,
    "filename": "market.jpg",
    "title": "Local Market",
    "date": "2022-11-30T07:25:00",
    "description": "A bustling open-air market with vendors.",
    "resolution": "1280x720",
    "albums": [
      210
    ],
    "tags": [
      "market",
      "people",
      "culture"
    ]
  },
  {
    "id": 46718,
    "filename": "cliff.jpg",
    "title": "High Cliffs",
    "date": "2023-08-11T20:15:00",
    "description": "Sheer cliffs overlooking the ocean.",
    "resolution": "1920x1080",
    "albums": [
      207,
      210
    ],
    "tags": [
      "cliff",
      "ocean",
      "landscape"
    ]
  },
  {
    "id": 73109,
    "filename": "cave.jpg",
    "title": "Dark Cave",
    "date": "2024-05-06T21:10:00",
    "description": "A mysterious cave entrance hidden by rocks.",
    "resolution": "1600x1200",
    "albums": [
      206
    ],
    "tags": [
      "cave",
      "rocks",
      "explore"
    ]
  },
  {
    "id": 82941,
    "filename": "river.jpg",
    "title": "Flowing River",
    "date": "2025-07-14T09:55:00",
    "description": "A wide river flowing through the valley.",
    "resolution": "1920x1080",
    "albums": [
      202,
      205
    ],
    "tags": [
      "river",
      "valley",
      "water"
    ]
  },
  {
    "id": 90215,
    "filename": "temple.jpg",
    "title": "Sacred Temple",
    "date": "2023-02-02T05:35:00",
    "description": "An ancient temple surrounded by jungle.",
    "resolution": "2048x1365",
    "albums": [
      208,
      210
    ],
    "tags": [
      "temple",
      "ancient",
      "culture"
    ]
  },
  {
    "id": 78452,
    "filename": "sunset.jpg",
    "title": "Evening Sunset",
    "date": "2024-06-16T18:20:00",
    "description": "A glowing sunset over the calm ocean.",
    "resolution": "3840x2160",
    "albums": [
      201,
      207
    ],
    "tags": [
      "sunset",
      "ocean",
      "sky"
    ]
  }
]